event_id,start_time,end_time,duration_minutes,max_score,abnormal_sensor_count,event_type,dominant_sensor,dominant_robust_z,dominant_direction,mean_score,severity_ratio,mean_pca_error_x,max_pca_error_x,pca_error_95th_x,pca_validated,mean_pca_error_y,max_pca_error_y,pca_error_95th_y,priority_score,priority_level
ANOM_007,2018-02-02 00:00:00,2018-02-02 02:35:00,155.0,0.7035292687035267,6,System-wide multivariate deviation,Cyclone_Inlet_Gas_Temp,-23.144727356036586,Low,0.6715896219653671,1.156685073693874,0.07579939446729303,0.5685337448918503,0.16351894161403846,True,0.07579939446729303,0.5685337448918503,0.16351894161403846,65.86672850280563,High
ANOM_002,2019-09-17 01:00:00,2019-09-17 08:15:00,435.0,0.7321226367472452,3,Multi-sensor deviation,Cyclone_Inlet_Gas_Temp,-29.26241677883622,Low,0.723820275243826,1.203695942315947,0.03135380665831561,0.7113034300734135,0.02723300211471006,False,0.03135380665831561,0.7113034300734135,0.02723300211471006,59.84730619214096,Medium
ANOM_021,2019-02-08 15:00:00,2019-02-08 23:55:00,535.0,0.6740558170568327,5,System-wide multivariate deviation,Cyclone_Inlet_Gas_Temp,-28.323816128269502,Low,0.6402163042007111,1.1082272438543375,0.0010538861607564658,0.0022480101288083667,0.0016862009850298568,False,0.0010538861607564658,0.0022480101288083667,0.0016862009850298568,57.38548934589032,Medium
ANOM_015,2018-02-09 22:25:00,2018-02-09 22:45:00,20.0,0.6822127336010375,6,System-wide multivariate deviation,Cyclone_Material_Temp,-18.71784405723896,Low,0.6500572828373679,1.1216381764676107,0.4430675869338466,0.8474080833466643,0.8209065938664124,True,0.4430675869338466,0.8474080833466643,0.8209065938664124,53.77085301305946,Medium
ANOM_041,2018-05-06 15:55:00,2018-05-06 20:30:00,275.0,0.6483288983890135,5,System-wide multivariate deviation,Cyclone_Inlet_Gas_Temp,-19.400430125737497,Low,0.6200200280337691,1.0659291560007347,0.23093862615511362,0.2875626448336848,0.26999109106433095,True,0.23093862615511362,0.2875626448336848,0.26999109106433095,53.120224394314675,Medium
ANOM_020,2018-04-28 12:05:00,2018-04-28 12:35:00,30.0,0.6774614156132999,6,System-wide multivariate deviation,Cyclone_Gas_Outlet_Temp,-5.503564355653675,Low,0.6601475109919689,1.1138264494488939,0.1898712873464173,0.2288176416303914,0.22764292417726578,True,0.1898712873464173,0.2288176416303914,0.22764292417726578,53.00219453461609,Medium
ANOM_005,2017-09-06 02:10:00,2017-09-06 02:50:00,40.0,0.7126527777992493,3,Multi-sensor deviation,Cyclone_Material_Temp,-18.043353297762362,Low,0.6748601978707565,1.1716851984366297,0.6325894649671295,0.8749610966193272,0.8557732537449552,True,0.6325894649671295,0.8749610966193272,0.8557732537449552,50.73704087694442,Medium
ANOM_042,2020-03-22 21:05:00,2020-03-22 23:15:00,130.0,0.6480881355813134,6,System-wide multivariate deviation,Cyclone_Material_Temp,-7.994394471878722,Low,0.6360794679868919,1.0655333135555716,0.0663610455330371,0.08680925257287897,0.08536232728319881,True,0.0663610455330371,0.08680925257287897,0.08536232728319881,50.08575848947212,Medium
ANOM_003,2019-09-16 19:30:00,2019-09-16 23:00:00,210.0,0.7315453788031864,3,Multi-sensor deviation,Cyclone_Inlet_Gas_Temp,-29.121284126269252,Low,0.7041671599039246,1.202746862189125,0.01635584929860674,0.02406015012322316,0.022302393606885688,False,0.01635584929860674,0.02406015012322316,0.022302393606885688,48.878200183548884,Medium
ANOM_001,2019-08-31 04:40:00,2019-08-31 05:05:00,25.0,0.7638569703490086,3,Multi-sensor deviation,Cyclone_Inlet_Draft,-4.517934643383333,Low,0.7361608722378965,1.2558709286792367,0.02972278811397114,0.0374205597109464,0.03612688966001083,False,0.02972278811397114,0.0374205597109464,0.03612688966001083,48.48076923076923,Medium
ANOM_006,2018-02-24 09:10:00,2018-02-24 09:30:00,20.0,0.7060439509540131,2,Multi-sensor deviation,Cyclone_Inlet_Gas_Temp,-26.845691381117902,Low,0.6870899285243857,1.1608195078298988,0.8266519067689474,0.989480882839482,0.9865121099261244,True,0.8266519067689474,0.989480882839482,0.9865121099261244,44.037615915883755,Medium
ANOM_034,2017-12-12 22:00:00,2017-12-12 22:40:00,40.0,0.6555563867316518,5,System-wide multivariate deviation,Cyclone_Material_Temp,-18.009566575637383,Low,0.6356882678603252,1.077811999058042,0.6528999651908018,0.692911581540914,0.6880924082067087,True,0.6528999651908018,0.692911581540914,0.6880924082067087,43.72271994957091,Medium
ANOM_069,2018-02-26 11:50:00,2018-02-26 13:20:00,90.0,0.6311323601808357,6,System-wide multivariate deviation,Cyclone_Material_Temp,-10.796412322709893,Low,0.615755067632083,1.037656019474004,0.0877153770484395,0.09857612283750657,0.0967987609337715,True,0.0877153770484395,0.09857612283750657,0.0967987609337715,43.70391545745084,Medium
ANOM_013,2019-12-25 04:20:00,2019-12-25 04:40:00,20.0,0.6894969164456277,3,Multi-sensor deviation,Cyclone_Material_Temp,-5.024479412941823,Low,0.6433351985166773,1.133614231971202,0.3842785386658529,1.0381663398582561,0.930600056570005,True,0.3842785386658529,1.0381663398582561,0.930600056570005,43.68633412977074,Medium
ANOM_035,2019-04-30 11:55:00,2019-04-30 12:10:00,15.0,0.6553076454133104,5,System-wide multivariate deviation,Cyclone_Material_Temp,5.355713658068924,High,0.6347858119286762,1.0774030390006066,0.16452129123793502,0.21520986437874856,0.21436578007323395,True,0.16452129123793502,0.21520986437874856,0.21436578007323395,42.455386749317015,Medium
ANOM_008,2018-07-13 22:55:00,2018-07-13 23:55:00,60.0,0.7032442227604823,1,Localized sensor deviation,Cyclone_Material_Temp,-18.9414997208761,Low,0.6577747932125373,1.1562164245526036,0.974948357456735,1.5011868979788783,1.3549165024827303,True,0.974948357456735,1.5011868979788783,1.3549165024827303,41.224463861592895,Medium
ANOM_046,2018-09-15 08:35:00,2018-09-15 09:00:00,25.0,0.6466664920433435,5,System-wide multivariate deviation,Cyclone_cone_draft,5.288234273879524,High,0.6344035349729064,1.0631959639474828,1.1406550318454658,5.722490475161671,4.404665141289688,True,1.1406550318454658,5.722490475161671,4.404665141289688,40.663839858989625,Medium
ANOM_022,2018-04-28 13:15:00,2018-04-28 14:00:00,45.0,0.6728017782733795,3,Multi-sensor deviation,Cyclone_Gas_Outlet_Temp,-5.288075491672328,Low,0.6461505102931742,1.10616545622562,0.15751240073859957,0.1999764758415604,0.1970151991428543,True,0.15751240073859957,0.1999764758415604,0.1970151991428543,40.49802942245068,Medium
ANOM_014,2018-03-11 23:40:00,2018-03-11 23:55:00,15.0,0.6842991038162108,2,Multi-sensor deviation,Cyclone_cone_draft,4.367948966468261,High,0.6417143882521391,1.1250684151135986,0.3862616198328514,1.0269229969897649,0.9204443847726138,True,0.3862616198328514,1.0269229969897649,0.9204443847726138,38.07910958844361,Low
ANOM_038,2018-01-02 18:15:00,2018-01-02 21:05:00,170.0,0.6516430822612898,6,System-wide multivariate deviation,Cyclone_Inlet_Gas_Temp,-15.127913113258161,Low,0.6325023072423707,1.0713780650754108,0.055280638295291354,0.2449427598567412,0.13499916520218397,False,0.055280638295291354,0.2449427598567412,0.13499916520218397,37.94366000189435,Low
ANOM_083,2019-09-03 10:25:00,2019-09-03 10:55:00,30.0,0.6201402167697315,6,System-wide multivariate deviation,Cyclone_Material_Temp,-12.62607733005467,Low,0.6166774471260842,1.0195836395786275,0.14490890218734384,0.15339793317457442,0.15254675961139175,True,0.14490890218734384,0.15339793317457442,0.15254675961139175,37.928757154656275,Low
ANOM_078,2018-05-06 14:20:00,2018-05-06 15:40:00,80.0,0.6248532664904856,5,System-wide multivariate deviation,Cyclone_Inlet_Gas_Temp,-16.217923065850606,Low,0.6166677551770691,1.027332449054059,0.23726742074329746,0.2613575683622695,0.26020374016030307,True,0.23726742074329746,0.2613575683622695,0.26020374016030307,37.57196782403357,Low
ANOM_050,2017-03-23 06:25:00,2017-03-23 07:25:00,60.0,0.6432108152552517,4,System-wide multivariate deviation,Cyclone_Inlet_Gas_Temp,-9.85051106120311,Low,0.6207338801448992,1.0575144238352112,0.09286696306690054,0.1207568406625158,0.11944605640468647,True,0.09286696306690054,0.1207568406625158,0.11944605640468647,37.43781202960254,Low
ANOM_075,2018-09-15 09:10:00,2018-09-15 10:15:00,65.0,0.6253064128776489,5,System-wide multivariate deviation,Cyclone_Inlet_Gas_Temp,-11.470624848376572,Low,0.6162655732748775,1.0280774751468553,0.20885922755096326,0.23984913561407772,0.2396359827921707,True,0.20885922755096326,0.23984913561407772,0.2396359827921707,36.969975367185306,Low
ANOM_012,2019-03-08 03:00:00,2019-03-08 06:05:00,185.0,0.6908273117324876,3,Multi-sensor deviation,Cyclone_Inlet_Gas_Temp,-29.045922030238348,Low,0.6758633413895432,1.13580155869502,0.003131945865757308,0.0037214602945897773,0.0036815005548613126,False,0.003131945865757308,0.0037214602945897773,0.0036815005548613126,36.96887309893646,Low
ANOM_019,2018-01-05 14:45:00,2018-01-05 15:00:00,15.0,0.6778769776336359,2,Multi-sensor deviation,Cyclone_Gas_Outlet_Temp,-11.161686241335351,Low,0.6630555243254189,1.1145096824109035,0.2536384647965231,0.34650428343822054,0.3461081616596313,True,0.2536384647965231,0.34650428343822054,0.3461081616596313,36.39031872551304,Low
ANOM_009,2020-01-29 03:10:00,2020-01-29 03:25:00,15.0,0.7020645389449688,4,System-wide multivariate deviation,Cyclone_Inlet_Draft,5.532829025160923,High,0.6807527233419023,1.1542768852586702,0.024887086320556827,0.03475256562703142,0.0344768385076806,False,0.024887086320556827,0.03475256562703142,0.0344768385076806,35.750787420442016,Low
ANOM_051,2018-08-29 20:20:00,2018-08-30 00:15:00,235.0,0.6428318490109908,5,System-wide multivariate deviation,Cyclone_Inlet_Gas_Temp,-27.988626078422957,Low,0.6245998857974858,1.0568913586442232,0.005213895900491504,0.006682377269134832,0.006333683515144196,False,0.005213895900491504,0.006682377269134832,0.006333683515144196,34.751618919047154,Low
ANOM_039,2018-06-06 00:00:00,2018-06-06 01:40:00,100.0,0.6505307156549581,6,System-wide multivariate deviation,Cyclone_Inlet_Gas_Temp,-24.467332141378954,Low,0.629584433705244,1.0695492032110132,0.029016341225063188,0.10840293458662235,0.046967504318785804,False,0.029016341225063188,0.10840293458662235,0.046967504318785804,34.28576251653546,Low
ANOM_091,2018-09-15 11:00:00,2018-09-15 11:55:00,55.0,0.6155983564954833,5,System-wide multivariate deviation,Cyclone_Inlet_Gas_Temp,-15.950901457413833,Low,0.6125522645879328,1.0121162857388828,0.23716861227417962,0.2594312918193467,0.25794125199010043,True,0.23716861227417962,0.2594312918193467,0.25794125199010043,33.93633245425458,Low
ANOM_081,2018-09-15 12:05:00,2018-09-15 12:30:00,25.0,0.6210632161059723,5,System-wide multivariate deviation,Cyclone_Inlet_Gas_Temp,-17.59807708816203,Low,0.6169389057466769,1.0211011593219446,0.21944728825210694,0.24654144993524854,0.24578935078778383,True,0.21944728825210694,0.24654144993524854,0.24578935078778383,33.93108854970504,Low
ANOM_056,2018-05-16 21:25:00,2018-05-16 21:40:00,15.0,0.6373471565565129,4,System-wide multivariate deviation,Cyclone_Gas_Outlet_Temp,-9.384593102462572,Low,0.6273846323143419,1.0478738775270737,0.11491096754651062,0.14459683191548353,0.14129737799211808,True,0.11491096754651062,0.14459683191548353,0.14129737799211808,33.73241672150537,Low
ANOM_016,2018-06-24 21:20:00,2018-06-24 21:35:00,15.0,0.681934946387482,1,Localized sensor deviation,Cyclone_Material_Temp,-16.907870697758433,Low,0.6597184702447612,1.1211814615335258,0.6287134053998928,0.7723893822233044,0.7687586101327932,True,0.6287134053998928,0.7723893822233044,0.7687586101327932,33.457420236558924,Low
ANOM_011,2017-11-28 16:15:00,2017-11-28 16:35:00,20.0,0.6921730493786571,4,System-wide multivariate deviation,Cyclone_Inlet_Gas_Temp,-26.502451289195328,Low,0.6682729742720745,1.1380141100666223,0.006074567699802141,0.007022826133784487,0.00688723611134703,False,0.006074567699802141,0.007022826133784487,0.00688723611134703,33.3900619477557,Low
ANOM_018,2018-10-07 15:15:00,2018-10-07 15:45:00,30.0,0.6781161243638195,1,Localized sensor deviation,Cyclone_Material_Temp,-16.907870697758433,Low,0.634284224186891,1.1149028678340713,0.7563483965105984,0.9473148960472804,0.9209572746278369,True,0.7563483965105984,0.9473148960472804,0.9209572746278369,33.17435965942447,Low
ANOM_027,2018-05-16 17:05:00,2018-05-16 17:30:00,25.0,0.6631634020276487,2,Multi-sensor deviation,Cyclone_Gas_Outlet_Temp,-9.162522805197064,Low,0.6507003663998703,1.0903188291782093,0.14568337215974578,0.24675804782726637,0.22651042704382895,True,0.14568337215974578,0.24675804782726637,0.22651042704382895,33.00194067732516,Low
ANOM_064,2019-01-02 12:25:00,2019-01-02 12:45:00,20.0,0.6332948570030276,4,System-wide multivariate deviation,Cyclone_Inlet_Gas_Temp,5.710048994268837,High,0.6250069407300655,1.0412114192383228,0.07662594846864178,0.09182122112487308,0.09180471832558171,True,0.07662594846864178,0.09182122112487308,0.09180471832558171,32.90719062398437,Low
ANOM_028,2017-03-25 03:15:00,2017-03-25 03:35:00,20.0,0.6616498750600619,2,Multi-sensor deviation,Cyclone_Inlet_Gas_Temp,-9.448351512383647,Low,0.6536311365053671,1.0878304123774882,0.06839085201041528,0.12582207935350476,0.12459906077499651,True,0.06839085201041528,0.12582207935350476,0.12459906077499651,32.36355227923774,Low
ANOM_023,2018-10-07 14:00:00,2018-10-07 15:05:00,65.0,0.6683356308020312,1,Localized sensor deviation,Cyclone_Material_Temp,-16.907870697758433,Low,0.6390035703828353,1.0988225831614418,0.7155592198730465,0.8547209763466762,0.8308314915431615,True,0.7155592198730465,0.8547209763466762,0.8308314915431615,32.28512988204234,Low
ANOM_043,2019-03-18 15:35:00,2019-03-18 15:50:00,15.0,0.6468962095534996,3,Multi-sensor deviation,Cyclone_Inlet_Gas_Temp,-5.6901808053152365,Low,0.6277428300865451,1.0635736466210883,0.10066939490209996,0.3591333359598993,0.3081799625495098,True,0.10066939490209996,0.3591333359598993,0.3081799625495098,32.24347816634373,Low
ANOM_026,2018-06-05 16:05:00,2018-06-05 17:30:00,85.0,0.6639579923738567,1,Localized sensor deviation,Cyclone_Material_Temp,-18.13973873204528,Low,0.6320411781267778,1.0916252294006958,0.7487248020498165,0.8838515508980764,0.8467832945016078,True,0.7487248020498165,0.8838515508980764,0.8467832945016078,32.09550507326483,Low
ANOM_033,2018-05-16 15:30:00,2018-05-16 15:50:00,20.0,0.6556692817712554,6,System-wide multivariate deviation,Cyclone_Inlet_Gas_Temp,-11.913034607576177,Low,0.6447519827716104,1.0779976118150552,0.03579256094020367,0.04209589290869173,0.04198851970445904,False,0.03579256094020367,0.04209589290869173,0.04198851970445904,31.790868869739448,Low
ANOM_004,2017-11-16 19:15:00,2017-11-16 19:30:00,15.0,0.7259700238853495,1,Localized sensor deviation,Cyclone_Inlet_Draft,-4.234516702104895,Low,0.6788344333209401,1.1935803212918406,0.04563657027914591,0.06200583911172788,0.060132372893353145,False,0.04563657027914591,0.06200583911172788,0.060132372893353145,30.037080058350302,Low
ANOM_047,2019-06-22 01:30:00,2019-06-22 02:10:00,40.0,0.6452476430710185,6,System-wide multivariate deviation,Cyclone_Inlet_Gas_Temp,-11.502311184207748,Low,0.6352284020764025,1.0608632089348327,0.03551443319161734,0.09423540993226757,0.07552969501949397,False,0.03551443319161734,0.09423540993226757,0.07552969501949397,30.01188686914851,Low
ANOM_024,2019-03-08 00:00:00,2019-03-08 01:25:00,85.0,0.6671400456540756,4,System-wide multivariate deviation,Cyclone_Inlet_Gas_Temp,-28.717240525049018,Low,0.6503792847857521,1.096856900201984,0.0021080165076848684,0.00290476127125508,0.0027110099179717285,False,0.0021080165076848684,0.00290476127125508,0.0027110099179717285,29.932271955792405,Low
ANOM_032,2017-05-30 20:35:00,2017-05-30 21:15:00,40.0,0.6557261650472636,5,System-wide multivariate deviation,Cyclone_Inlet_Gas_Temp,-10.976489286901211,Low,0.6379800669290243,1.0780911346281468,0.027991380446911622,0.1295527962068367,0.08884293041520464,False,0.027991380446911622,0.1295527962068367,0.08884293041520464,28.767365610521445,Low
ANOM_053,2018-07-15 21:15:00,2018-07-15 23:35:00,140.0,0.6412137701263371,1,Localized sensor deviation,Cyclone_Inlet_Gas_Temp,-26.84603393609986,Low,0.6339611861091675,1.0542310461637103,0.8225184969481019,0.8755925895708553,0.8681561830630831,True,0.8225184969481019,0.8755925895708553,0.8681561830630831,28.75881400693734,Low
ANOM_030,2019-07-04 20:10:00,2019-07-04 20:50:00,40.0,0.6590822308813347,1,Localized sensor deviation,Cyclone_Inlet_Gas_Temp,-26.845691381117902,Low,0.6404956584917519,1.083608902586483,0.7934238126694638,0.966146211955582,0.927025646925024,True,0.7934238126694638,0.966146211955582,0.927025646925024,28.64989160811874,Low
ANOM_025,2017-09-19 00:45:00,2017-09-19 02:00:00,75.0,0.664015895733861,4,System-wide multivariate deviation,Cyclone_Material_Temp,5.373021580139084,High,0.6420505248429899,1.0917204293521592,0.05414259706130356,0.08504715755927099,0.08403068093300932,False,0.05414259706130356,0.08504715755927099,0.08403068093300932,28.62996236756352,Low
ANOM_055,2017-03-30 20:55:00,2017-03-30 22:05:00,70.0,0.6380592094998992,2,Multi-sensor deviation,Cyclone_Inlet_Draft,4.587141349974581,High,0.6360131273858803,1.0490445765270069,0.24075608246756472,0.32411175493360417,0.2615950005840745,True,0.24075608246756472,0.32411175493360417,0.2615950005840745,28.563892099535103,Low
ANOM_040,2018-08-29 19:05:00,2018-08-29 20:10:00,65.0,0.6503725334254726,5,System-wide multivariate deviation,Cyclone_Inlet_Gas_Temp,-27.425636965573908,Low,0.6387716323190349,1.0692891329738408,0.005199701668496322,0.006337195810614349,0.006254679143883847,False,0.005199701668496322,0.006337195810614349,0.006254679143883847,28.56147390627316,Low
ANOM_054,2018-06-27 15:20:00,2018-06-27 15:45:00,25.0,0.6408590184839418,6,System-wide multivariate deviation,Cyclone_Inlet_Gas_Temp,-7.110071205533862,Low,0.6326008784760052,1.0536477926334298,0.02902521337185529,0.03903467994334873,0.0385683755597097,False,0.02902521337185529,0.03903467994334873,0.0385683755597097,28.1366807834736,Low
ANOM_061,2018-01-02 23:00:00,2018-01-02 23:55:00,55.0,0.6348509453625168,6,System-wide multivariate deviation,Cyclone_Inlet_Gas_Temp,-22.065165330393878,Low,0.6202046891385451,1.0437698119859151,0.028488681908598112,0.03542153610476275,0.035174370413033514,False,0.028488681908598112,0.03542153610476275,0.035174370413033514,27.99907884728301,Low
ANOM_031,2017-12-12 23:30:00,2017-12-12 23:55:00,25.0,0.6588390447165737,1,Localized sensor deviation,Cyclone_Outlet_Gas_draft,3.0008538824640967,High,0.6423823389333461,1.0832090758565642,0.3986377333782361,0.8868192261350925,0.8129665185888274,True,0.3986377333782361,0.8868192261350925,0.8129665185888274,27.86478844652576,Low
ANOM_070,2018-01-02 17:50:00,2018-01-02 18:05:00,15.0,0.6290912856807632,3,Multi-sensor deviation,Cyclone_cone_draft,4.503762716679612,High,0.6199648428097378,1.0343002523246407,0.1097779526550798,0.19116604470826207,0.17906960815554152,True,0.1097779526550798,0.19116604470826207,0.17906960815554152,27.561416198605304,Low
ANOM_066,2018-09-05 12:10:00,2018-09-05 13:10:00,60.0,0.6321111690961534,6,System-wide multivariate deviation,Cyclone_Inlet_Gas_Temp,-8.554283009471554,Low,0.6224502581801771,1.039265296746054,0.03737934998597086,0.05170601138321392,0.05042583007203045,False,0.03737934998597086,0.05170601138321392,0.05042583007203045,27.51899971069982,Low
ANOM_052,2018-06-05 17:40:00,2018-06-05 18:00:00,20.0,0.6424967776542692,2,Multi-sensor deviation,Cyclone_Material_Temp,-18.13973873204528,Low,0.6328819927081694,1.0563404618241714,0.7084171849038803,0.7332014015364517,0.7299664598969481,True,0.7084171849038803,0.7332014015364517,0.7299664598969481,27.326968603338557,Low
ANOM_065,2019-03-08 01:45:00,2019-03-08 02:35:00,50.0,0.6322912452806212,6,System-wide multivariate deviation,Cyclone_Inlet_Gas_Temp,-28.931851221246117,Low,0.6237689252242616,1.039561363226821,0.0025507598271545754,0.0034674245503942686,0.0031428839264180664,False,0.0025507598271545754,0.0034674245503942686,0.0031428839264180664,27.08558411427458,Low
ANOM_049,2018-01-02 13:25:00,2018-01-02 14:30:00,65.0,0.6442531629294229,5,System-wide multivariate deviation,Cyclone_Inlet_Draft,5.338253820320056,High,0.6359467220817624,1.0592281663189251,0.031945428634324216,0.045033210601026614,0.04403163218122851,False,0.031945428634324216,0.045033210601026614,0.04403163218122851,26.95229702515619,Low
ANOM_057,2019-08-11 19:20:00,2019-08-11 19:40:00,20.0,0.6366050070768047,6,System-wide multivariate deviation,Cyclone_Inlet_Gas_Temp,-6.686673247832964,Low,0.6243418048657731,1.046653696272625,0.025687689752606713,0.03781085869934761,0.03626509788877551,False,0.025687689752606713,0.03781085869934761,0.03626509788877551,26.77764240904761,Low
ANOM_029,2019-09-15 08:55:00,2019-09-15 09:55:00,60.0,0.6595677603139534,4,System-wide multivariate deviation,Cyclone_Inlet_Gas_Temp,-28.375199375563298,Low,0.6528172130500712,1.0844071702244222,0.004299640542988536,0.005174625647621996,0.005111184576897219,False,0.004299640542988536,0.005174625647621996,0.005111184576897219,26.739107048617083,Low
ANOM_063,2018-05-06 23:20:00,2018-05-06 23:55:00,35.0,0.6335572116406976,6,System-wide multivariate deviation,Cyclone_Inlet_Gas_Temp,-23.796609486703908,Low,0.6227633958882516,1.041642761197935,0.032100633825590814,0.06991701585197312,0.0580788770455974,False,0.032100633825590814,0.06991701585197312,0.0580788770455974,26.697334412463974,Low
ANOM_058,2019-10-26 17:35:00,2019-10-26 17:50:00,15.0,0.6357951020621542,6,System-wide multivariate deviation,Cyclone_Inlet_Gas_Temp,-10.776951009910293,Low,0.6282319925858175,1.0453221169294054,0.029421836064901893,0.0496048406864468,0.048228109975150986,False,0.029421836064901893,0.0496048406864468,0.048228109975150986,26.324281569014136,Low
ANOM_071,2019-10-26 18:10:00,2019-10-26 18:55:00,45.0,0.6279373538619785,6,System-wide multivariate deviation,Cyclone_Material_Temp,-10.787395620793102,Low,0.6225987605106991,1.03240305234985,0.049422518463001545,0.0544943071676355,0.05429142754820478,False,0.049422518463001545,0.0544943071676355,0.05429142754820478,25.70028084781365,Low
ANOM_048,2018-08-05 11:30:00,2018-08-05 12:25:00,55.0,0.6446334162092691,1,Localized sensor deviation,Cyclone_Gas_Outlet_Temp,-9.501678923630763,Low,0.6255758230827159,1.0598533475481748,0.30430897956947933,0.39341559661222375,0.3859722720348957,True,0.30430897956947933,0.39341559661222375,0.3859722720348957,25.571520888005377,Low
ANOM_067,2019-12-24 02:30:00,2019-12-24 02:50:00,20.0,0.6318199456312826,6,System-wide multivariate deviation,Cyclone_Inlet_Gas_Temp,-23.093686663724746,Low,0.6208281167457762,1.038786491030485,0.001286547896027993,0.0013195666233711695,0.0013150343155066502,False,0.001286547896027993,0.0013195666233711695,0.0013150343155066502,25.519341370104325,Low
ANOM_079,2018-05-06 21:00:00,2018-05-06 21:50:00,50.0,0.6248017097652807,6,System-wide multivariate deviation,Cyclone_Inlet_Gas_Temp,-22.579511635804803,Low,0.6180128227504297,1.027247683718563,0.020224549477793976,0.02346719843412863,0.022542290448085624,False,0.020224549477793976,0.02346719843412863,0.022542290448085624,25.116102545971046,Low
ANOM_044,2018-08-23 12:55:00,2018-08-23 13:10:00,15.0,0.6468479851579053,1,Localized sensor deviation,Cyclone_Material_Temp,-18.34505007109309,Low,0.6314549232313666,1.0634943600284004,0.7491626607673411,0.7596608589857534,0.7586562845387108,True,0.7491626607673411,0.7596608589857534,0.7586562845387108,24.230796864803605,Low
ANOM_037,2017-06-16 19:55:00,2017-06-16 20:20:00,25.0,0.6543301722377446,4,System-wide multivariate deviation,Cyclone_Inlet_Draft,3.9806214630429597,High,0.6290043980907812,1.0757959578422112,0.019436961125968665,0.025146735555745568,0.024875517576016446,False,0.019436961125968665,0.025146735555745568,0.024875517576016446,23.679115286595316,Low
ANOM_036,2018-07-15 01:45:00,2018-07-15 02:05:00,20.0,0.6543953461139252,4,System-wide multivariate deviation,Cyclone_Inlet_Draft,5.423114424830751,High,0.6287547002819878,1.0759031113795643,0.03660980018509018,0.054001215220165606,0.052445277341264175,False,0.03660980018509018,0.054001215220165606,0.052445277341264175,23.45586908354746,Low
ANOM_087,2019-10-25 16:45:00,2019-10-25 17:10:00,25.0,0.6185173701464,6,System-wide multivariate deviation,Cyclone_Inlet_Gas_Temp,-14.579311309651375,Low,0.6157118508404511,1.016915488373545,0.030829799315394008,0.03663716925962295,0.035992223816708135,False,0.030829799315394008,0.03663716925962295,0.035992223816708135,22.261621573702623,Low
ANOM_010,2019-03-31 15:50:00,2019-03-31 16:05:00,15.0,0.6944956023339709,1,Localized sensor deviation,Cyclone_Inlet_Draft,-3.6829227727853744,Low,0.6866103443567273,1.1418326609866511,0.013844644449180267,0.019546615738545648,0.018975739988701064,False,0.013844644449180267,0.019546615738545648,0.018975739988701064,21.760426186893543,Low
ANOM_090,2018-01-02 22:20:00,2018-01-02 22:50:00,30.0,0.6156096588649432,6,System-wide multivariate deviation,Cyclone_Inlet_Gas_Temp,-20.750268032145577,Low,0.612292559236294,1.0121348681669824,0.02478953796343252,0.031877066643751846,0.03096666539560937,False,0.02478953796343252,0.031877066643751846,0.03096666539560937,21.737381498671184,Low
ANOM_060,2018-06-22 15:25:00,2018-06-22 15:45:00,20.0,0.6349421524359997,1,Localized sensor deviation,Cyclone_Material_Temp,-16.907870697758433,Low,0.6245395313459572,1.0439197671693112,0.7651952146300307,0.8454514162640779,0.8343693340827201,True,0.7651952146300307,0.8454514162640779,0.8343693340827201,21.34037075727089,Low
ANOM_082,2018-05-06 11:35:00,2018-05-06 11:50:00,15.0,0.6203003748997371,2,Multi-sensor deviation,Cyclone_cone_draft,4.406425895701493,High,0.6168953670897547,1.0198469584292413,0.08200326882326668,0.11346929701938992,0.11034145820494826,True,0.08200326882326668,0.11346929701938992,0.11034145820494826,21.249719202660867,Low
ANOM_062,2018-06-24 22:35:00,2018-06-24 22:55:00,20.0,0.6336668436276565,1,Localized sensor deviation,Cyclone_Material_Temp,-18.85257638473121,Low,0.6248738866647983,1.041823009111641,0.9084567028196433,0.9522290223218121,0.9519708054104979,True,0.9084567028196433,0.9522290223218121,0.9519708054104979,21.005009881181493,Low
ANOM_077,2017-11-29 07:55:00,2017-11-29 08:40:00,45.0,0.6250708741170832,5,System-wide multivariate deviation,Cyclone_Inlet_Gas_Temp,-29.182430190548875,Low,0.6195900254092832,1.0276902216511696,0.008023952767217336,0.010540480384185992,0.010387663478306278,False,0.008023952767217336,0.010540480384185992,0.010387663478306278,20.946498585626188,Low
ANOM_093,2020-07-26 08:00:00,2020-07-26 08:15:00,15.0,0.6131543782889989,6,System-wide multivariate deviation,Cyclone_Material_Temp,-6.072696920831541,Low,0.6112614881294759,1.0080980973881932,0.043450367109602324,0.045185261652966956,0.04504681427577469,False,0.043450367109602324,0.045185261652966956,0.04504681427577469,20.370576152576987,Low
ANOM_086,2017-11-29 07:10:00,2017-11-29 07:45:00,35.0,0.6189190879225549,5,System-wide multivariate deviation,Cyclone_Inlet_Gas_Temp,-29.113062806702246,Low,0.6148992559879115,1.0175759597656908,0.007877592937087403,0.008737156298948515,0.008721163290209515,False,0.007877592937087403,0.008737156298948515,0.008721163290209515,18.8480282975015,Low
ANOM_076,2018-06-24 23:35:00,2018-06-24 23:55:00,20.0,0.6251846946524752,1,Localized sensor deviation,Cyclone_Material_Temp,-18.62767703807107,Low,0.615322735849823,1.027877356032388,0.8958876723011805,0.9089728779653198,0.9083386579169919,True,0.8958876723011805,0.9089728779653198,0.9083386579169919,18.774506262898722,Low
ANOM_084,2018-04-13 10:15:00,2018-04-13 11:00:00,45.0,0.6193446523856407,1,Localized sensor deviation,Cyclone_Material_Temp,-22.81536505703409,Low,0.6136768870243603,1.018275637923009,1.1976369242051312,1.2377386140464053,1.2291922322927697,True,1.1976369242051312,1.2377386140464053,1.2291922322927697,18.4407058521522,Low
ANOM_017,2019-01-09 13:15:00,2019-01-09 13:30:00,15.0,0.680995075218015,1,Localized sensor deviation,Cyclone_Inlet_Draft,-3.3079157971887585,Low,0.6481305143034141,1.1196362025069595,0.016474320116072524,0.018236104266504165,0.018070163919423288,False,0.016474320116072524,0.018236104266504165,0.018070163919423288,18.210267533824045,Low
ANOM_085,2018-09-17 16:35:00,2018-09-17 16:55:00,20.0,0.6191906286871234,5,System-wide multivariate deviation,Cyclone_Inlet_Gas_Temp,-7.188173741420435,Low,0.6125452788713096,1.018022404801097,0.045373149645790686,0.09552710410705412,0.09302187588304116,False,0.045373149645790686,0.09552710410705412,0.09302187588304116,18.19828001845729,Low
ANOM_080,2017-02-11 16:05:00,2017-02-11 16:20:00,15.0,0.6234482302417759,1,Localized sensor deviation,Cyclone_Material_Temp,-22.57087770276161,Low,0.6182403612378633,1.0250224037877458,1.2597440618972073,1.2993370966522846,1.2966864154236246,True,1.2597440618972073,1.2993370966522846,1.2966864154236246,18.077493243271626,Low
ANOM_045,2020-05-28 01:45:00,2020-05-28 02:00:00,15.0,0.6467035248138873,3,Multi-sensor deviation,Cyclone_Inlet_Draft,5.4737836207279145,High,0.630902098663084,1.0632568501889388,0.0064581362258520625,0.011585459724238205,0.010710678965010685,False,0.0064581362258520625,0.011585459724238205,0.010710678965010685,17.19280893026326,Low
ANOM_068,2017-02-03 02:05:00,2017-02-03 02:20:00,15.0,0.6312364774718664,4,System-wide multivariate deviation,Cyclone_Inlet_Draft,4.844744091175333,High,0.6237552957244881,1.0378272005773441,0.015046145755672796,0.02396324453608681,0.023640539941475552,False,0.015046145755672796,0.02396324453608681,0.023640539941475552,17.12552537258546,Low
ANOM_072,2019-06-22 08:55:00,2019-06-22 09:20:00,25.0,0.6275413388462783,4,System-wide multivariate deviation,Cyclone_Inlet_Gas_Temp,4.082570274983259,High,0.6242315510786146,1.031751956968327,0.018992202499925188,0.02066528834142309,0.02041939905885148,False,0.018992202499925188,0.02066528834142309,0.02041939905885148,16.634604516497358,Low
ANOM_094,2020-07-26 07:15:00,2020-07-26 07:30:00,15.0,0.6124234783878464,5,System-wide multivariate deviation,Cyclone_Inlet_Draft,5.55356357415949,High,0.6115706152488992,1.0068964117673727,0.02998824553241236,0.0313412030203854,0.031194100662597427,False,0.02998824553241236,0.0313412030203854,0.031194100662597427,16.178375463943325,Low
ANOM_073,2019-06-22 08:15:00,2019-06-22 08:30:00,15.0,0.6273322310865467,4,System-wide multivariate deviation,Cyclone_Inlet_Draft,4.304684612954353,High,0.619771184343024,1.0314081591545976,0.010036976444505363,0.014405495917447775,0.013686235560408575,False,0.010036976444505363,0.014405495917447775,0.013686235560408575,16.09884737923685,Low
ANOM_092,2018-04-13 09:15:00,2018-04-13 09:40:00,25.0,0.6137413659878369,1,Localized sensor deviation,Cyclone_Material_Temp,-22.81536505703409,Low,0.6109457379118703,1.0090631743791463,1.2214078410512743,1.2391957729755905,1.2372911795139983,True,1.2214078410512743,1.2391957729755905,1.2372911795139983,16.00570227921973,Low
ANOM_095,2018-04-13 08:30:00,2018-04-13 08:45:00,15.0,0.6117451529880207,1,Localized sensor deviation,Cyclone_Material_Temp,-22.81536505703409,Low,0.6098737116934294,1.0057811648260027,1.254365646103169,1.3046040388999876,1.2983180933681058,True,1.254365646103169,1.3046040388999876,1.2983180933681058,15.0,Low
ANOM_074,2020-03-22 20:20:00,2020-03-22 20:35:00,15.0,0.6264232370167132,3,Multi-sensor deviation,Cyclone_Inlet_Draft,5.319029735155821,High,0.6239713522353937,1.029913665720671,0.018247052279412316,0.02202659465834342,0.02152698527686088,False,0.018247052279412316,0.02202659465834342,0.02152698527686088,11.859814255945384,Low
ANOM_059,2019-12-25 05:35:00,2019-12-25 05:55:00,20.0,0.6354686071694539,2,Multi-sensor deviation,Cyclone_Inlet_Gas_Temp,6.64042832526854,High,0.6244068349102083,1.0447853208274895,0.024354075986473003,0.02909963647984663,0.028918879047993465,False,0.024354075986473003,0.02909963647984663,0.028918879047993465,10.478809635350892,Low
ANOM_088,2019-03-09 21:20:00,2019-03-09 21:35:00,15.0,0.6182224923784088,3,Multi-sensor deviation,Cyclone_Inlet_Draft,5.066782274822249,High,0.6137201613685415,1.0164306745527523,0.003891041850227009,0.008545403196121947,0.007686045145865465,False,0.003891041850227009,0.008545403196121947,0.007686045145865465,9.70330997361401,Low
ANOM_089,2018-03-09 00:20:00,2018-03-09 00:35:00,15.0,0.6162223869548188,3,Multi-sensor deviation,Cyclone_Inlet_Draft,4.3657897407978155,High,0.6148942972452041,1.0131422653959534,0.021134056342009863,0.024848500299985716,0.02435264520166947,False,0.021134056342009863,0.024848500299985716,0.02435264520166947,9.177353356096681,Low
